prod,busload,desired load,cost1,cost2
-0.0,0.0,1300,1300.0,1300.0
16.016016016016017,15.953650683087517,1300,1284.0463493169125,1284.108714649841
32.032032032032035,31.783536858682737,1300,1268.2164631413173,1268.4649583146665
48.04804804804805,47.49108881762254,1300,1252.5089111823775,1253.065870412803
64.06406406406407,63.077683260303274,1300,1236.9223167396967,1237.9086975434575
80.08008008008008,78.54471849341849,1300,1221.4552815065815,1222.990643093243
96.0960960960961,93.8935318575318,1300,1206.1064681424682,1208.3090323810325
112.11211211211213,109.12544476300923,1300,1190.8745552369908,1193.8612225860936
128.12812812812814,124.24175410191651,1300,1175.7582458980835,1179.644619924295
144.14414414414415,139.24373287989056,1300,1160.7562671201094,1165.656678384363
160.16016016016016,154.13263082837148,1300,1145.8673691716285,1151.8948985034172
176.1761761761762,168.90967499617204,1300,1131.090325003828,1138.356826183832
192.1921921921922,183.5760703220899,1300,1116.42392967791,1125.0400515480123
208.20820820820822,198.13300018842028,1300,1101.8669998115797,1111.9422078313678
224.22422422422426,212.58162695804117,1300,1087.4183730419588,1099.0609703081418
240.24024024024027,226.9230924932515,1300,1073.0769075067485,1086.3940552537374
256.2562562562563,241.1585186586933,1300,1058.8414813413067,1073.9392189388698
272.2722722722723,255.28900780864205,1300,1044.710992191358,1061.6942566549883
288.2882882882883,269.31564325906265,1300,1030.6843567409373,1049.6570017701629
304.3043043043043,283.2394897448012,1300,1016.7605102551988,1037.825324814702
320.3203203203203,297.06159386319086,1300,1002.9384061368091,1026.1971325939385
336.3363363363364,310.7829845038168,1300,989.2170154961832,1014.7703673287028
352.3523523523524,324.4046732654908,1300,975.5953267345092,1003.5430058213708
368.3683683683684,337.9276548605219,1300,962.0723451394781,992.5130586473247
384.3843843843844,351.35290750696413,1300,948.6470924930359,981.6785693704562
400.40040040040043,364.6813933092403,1300,935.3186066907597,971.0376137819198
416.41641641641644,377.9140586276526,1300,922.0859413723474,960.5882991611113
432.43243243243245,391.05183443678015,1300,908.9481655632198,950.3287635588722
448.4484484484485,404.09563667392945,1300,895.9043633260706,940.2571751005896
464.4644644644645,417.04636657686933,1300,882.9536334231307,930.3717313107259
480.48048048048054,429.9049110126134,1300,870.0950889873866,920.6706584552537
496.49649649649655,442.67214279608424,1300,857.3278572039158,911.1522109043281
512.5125125125126,455.34892100027946,1300,844.6510789997205,901.8146705119538
528.5285285285286,467.9360912575419,1300,832.0639087424581,892.6563460134448
544.5445445445446,480.4344860520757,1300,819.5655139479243,883.6755724403931
560.5605605605606,492.84492500518695,1300,807.155074994813,874.8707105501867
576.5765765765766,505.168215151258,1300,794.831784848742,866.2401462740606
592.5925925925926,517.4051512076119,1300,782.5948487923881,857.782290177369
608.6086086086086,529.5565158359921,1300,770.4434841640079,849.4955769366245
624.6246246246246,541.6230798973913,1300,758.3769201026087,841.378464829842
640.6406406406406,553.6056026997471,1300,746.3943973002529,833.4294352411464
656.6566566566568,565.5048322392702,1300,734.4951677607298,825.6469921781164
672.6726726726728,577.3215054350374,1300,722.6784945649626,818.0296618025982
688.6886886886888,589.0563483576727,1300,710.9436516423273,810.5759919733433
704.7047047047048,600.7100764518896,1300,699.2899235481104,803.2845518009257
720.7207207207208,612.2833866737949,1300,687.7166133262051,796.153947373131
736.7367367367368,623.7769887143543,1300,676.2230112856457,789.1827593080283
752.7527527527528,635.1915604722933,1300,664.8084395277067,782.3696318081663
768.7687687687688,646.5277769821398,1300,653.4722230178602,775.7132148044892
784.7847847847848,657.7863036798703,1300,642.2136963201297,769.2121774250442
800.8008008008009,668.9677965929377,1300,631.0322034070623,762.8652076149255
816.8168168168169,680.0729025256942,1300,619.9270974743058,756.6710117654285
832.8328328328329,691.10225924004,1300,608.89774075996,750.628314352753
848.8488488488489,702.0564956312398,1300,597.9435043687602,744.7358575863692
864.8648648648649,712.9362319001871,1300,587.0637680998129,738.9924010644908
880.8808808808809,723.7420797202674,1300,576.2579202797326,733.3967214403461
896.896896896897,734.4746424011532,1300,565.5253575988468,727.9476120945906
912.912912912913,745.1345150480506,1300,554.8654849519494,722.6438828168118
928.928928928929,755.7222847169385,1300,544.2777152830615,717.4843594950521
944.9449449449451,766.238530566568,1300,533.761469433432,712.4678838118091
960.9609609609611,776.6838240063123,1300,523.3161759936877,707.5933129483365
976.9769769769771,787.0587288406057,1300,512.9412711593943,702.8595192957657
992.9929929929931,797.3638014101994,1300,502.63619858980064,698.2653901725944
1009.0090090090091,807.5995907297795,1300,492.4004092702205,693.8098275494501
1025.0250250250251,817.7666386221176,1300,482.2333613778824,689.4917477807901
1041.0410410410411,827.8654798499474,1300,472.1345201500526,685.3100813411463
1057.0570570570571,837.8966422435781,1300,462.10335775642193,681.263772569901
1073.0730730730731,847.8606468265184,1300,452.1393531734816,677.3517794200363
1089.0890890890892,857.7580079376332,1300,442.24199206236676,673.5730732138227
1105.1051051051052,867.5892333508841,1300,432.4107666491159,669.9266384033372
1121.1211211211212,877.3548243919151,1300,422.64517560808486,666.4114723372909
1137.1371371371372,887.0552760523083,1300,412.9447239476917,663.0265850325206
1153.1531531531532,896.6910771011101,1300,403.30892289888993,659.7709989509331
1169.1691691691692,906.2627101939142,1300,393.73728980608576,656.6437487813407
1185.1851851851852,915.7706519792441,1300,384.2293480207559,653.6438812266972
1201.2012012012012,925.2153732032582,1300,374.7846267967418,650.7704547946848
1217.2172172172172,934.5973388109883,1300,365.4026611890117,648.0225395952407
1233.2332332332332,943.9170080466397,1300,356.0829919533603,645.3992171399539
1249.2492492492493,953.1748345504809,1300,346.8251654495191,642.8995801482874
1265.2652652652653,962.3712664547384,1300,337.62873354526164,640.5227323557888
1281.2812812812813,971.5067464764218,1300,328.49325352357823,638.2677883284377
1297.2972972972975,980.5817120086147,1300,319.41828799138534,636.1338732800682
1313.3133133133135,989.5965952099743,1300,310.40340479002566,634.1201228933649
1329.3293293293295,998.5518230918444,1300,301.4481769081556,632.2256831456407
1345.3453453453455,1007.4478176038326,1300,292.5521823961674,630.4497101376805
1361.3613613613616,1016.2849957175126,1300,283.71500428248737,628.7913699263363
1377.3773773773776,1025.0637695082787,1300,274.9362304917213,627.2498383608201
1393.3933933933936,1033.7845462354665,1300,266.21545376453355,625.8243009224607
1409.4094094094096,1042.4477284209956,1300,257.55227157900435,624.5139525674183
1425.4254254254256,1051.0537139259952,1300,248.94628607400477,623.3179975734354
1441.4414414414416,1059.6028960263482,1300,240.39710397365184,622.2356493887453
1457.4574574574576,1068.0956634861332,1300,231.90433651386684,621.2661304851913
1473.4734734734736,1076.532400629901,1300,223.46759937009892,620.4086722136715
1489.4894894894896,1084.9134874135586,1300,215.08651258644136,619.6625146623724
1505.5055055055057,1093.2392994932911,1300,206.76070050670887,619.0269065189236
1521.5215215215217,1101.5102082937744,1300,198.48979170622556,618.5011049339728
1537.5375375375377,1109.726581074284,1300,190.273418925716,618.0843753889696
1553.5535535535537,1117.888780994349,1300,182.11121900565104,617.7759915648558
1569.5695695695697,1125.9971671770757,1300,174.00283282292435,617.5752352154184
1585.5855855855857,1134.052094772045,1300,165.94790522795506,617.481396041496
1601.6016016016017,1142.0539150165325,1300,157.94608498346747,617.4937715685367
1617.6176176176177,1150.0029752956777,1300,149.99702470432226,617.6116670262622
1633.6336336336337,1157.8996192013733,1300,142.1003807986267,617.8343952308871
1649.6496496496497,1165.7441865901603,1300,134.25581340983967,618.1612764693291
1665.6656656656658,1173.5370136395602,1300,126.4629863604398,618.5916383865456
1681.6816816816818,1181.2784329041506,1300,118.72156709584942,619.1248158733806
1697.6976976976978,1188.9687733695666,1300,111.03122663043337,619.7601509585645
1713.7137137137138,1196.6083605061044,1300,103.39163949389558,620.496992701505
1729.7297297297298,1204.1975163211305,1300,95.80248367886952,621.3346970874688
1745.7457457457458,1211.736559410781,1300,88.26344058921904,622.2726269241841
1761.7617617617618,1219.2258050097564,1300,80.77419499024359,623.310151742249
1777.7777777777778,1226.6655650413156,1300,73.33443495868437,624.4466476951466
1793.793793793794,1234.0561481656493,1300,65.94385183435065,625.6814974624954
1809.80980980981,1241.3978598274582,1300,58.602140172541795,627.0140901548937
1825.825825825826,1248.6910023027917,1300,51.30899769720827,628.4438212202426
1841.841841841842,1255.9358747448925,1300,44.064125255107456,629.970092352057
1857.857857857858,1263.1327732290742,1300,36.867226770925754,631.5923113997096
1873.8738738738741,1270.2819907972298,1300,29.71800920277019,633.3098922794145
1889.8898898898901,1277.3838175007768,1300,22.616182499223214,635.1222548883366
1905.9059059059061,1284.4385404437446,1300,15.561459556255386,637.0288250184169
1921.9219219219221,1291.4464438240145,1300,8.553556175985477,639.0290342738931
1937.9379379379382,1298.407808974872,1300,1.5921910251279314,641.122319988194
1953.9539539539542,1305.322914405025,1300,5.322914405024903,653.9539539539542
1969.9699699699702,1312.1920358380805,1300,12.192035838080528,669.9699699699702
1985.9859859859862,1319.0154462519672,1300,19.015446251967205,685.9859859859862
2002.0020020020022,1325.79341591628,1300,25.793415916280082,702.0020020020022
2018.0180180180182,1332.5262124305652,1300,32.52621243056524,718.0180180180182
2034.0340340340342,1339.2141007604437,1300,39.21410076044367,734.0340340340344
2050.0500500500502,1345.8573432745027,1300,45.85734327450268,750.0500500500507
2066.0660660660665,1352.4561997791693,1300,52.45619977916931,766.0660660660665
2082.0820820820823,1359.0109275540385,1300,59.01092755403852,782.0820820820823
2098.0980980980985,1365.521781386093,1300,65.52178138609293,798.0980980980985
2114.1141141141143,1371.9890136032973,1300,71.98901360329728,814.1141141141143
2130.1301301301305,1378.4128741078803,1300,78.41287410788027,830.1301301301305
2146.1461461461463,1384.793610408849,1300,84.79361040884896,846.1461461461463
2162.1621621621625,1391.1314676537643,1300,91.13146765376428,862.1621621621625
2178.1781781781783,1397.4266886606301,1300,97.42668866063013,878.1781781781783
2194.1941941941946,1403.6795139483047,1300,103.6795139483047,894.1941941941946
2210.2102102102103,1409.890181767338,1300,109.89018176733794,910.2102102102108
2226.2262262262266,1416.0589281295302,1300,116.05892812953016,926.2262262262266
2242.2422422422424,1422.1859868373201,1300,122.18598683732012,942.2422422422424
2258.2582582582586,1428.2715895129172,1300,128.27158951291722,958.2582582582586
2274.2742742742744,1434.3159656263538,1300,134.31596562635377,974.2742742742744
2290.2902902902906,1440.3193425236225,1300,140.31934252362248,990.2902902902906
2306.3063063063064,1446.2819454540465,1300,146.28194545404654,1006.3063063063064
2322.3223223223226,1452.2039975973655,1300,152.20399759736551,1022.3223223223226
2338.3383383383384,1458.0857200900255,1300,158.08572009002546,1038.3383383383384
2354.3543543543547,1463.927332051668,1300,163.92733205166792,1054.3543543543547
2370.3703703703704,1469.729050610539,1300,169.72905061053893,1070.370370370371
2386.3863863863867,1475.4910909288412,1300,175.49109092884123,1086.3863863863867
2402.4024024024025,1481.2136662276316,1300,181.21366622763162,1102.4024024024025
2418.4184184184187,1486.8969878111784,1300,186.8969878111784,1118.4184184184187
2434.4344344344345,1492.541265091205,1300,192.5412650912051,1134.4344344344345
2450.4504504504507,1498.14670561031,1300,198.14670561030994,1150.4504504504507
2466.4664664664665,1503.7135150653853,1300,203.7135150653853,1166.4664664664665
2482.4824824824827,1509.2418973307247,1300,209.24189733072467,1182.4824824824827
2498.4984984984985,1514.7320544801346,1300,214.7320544801346,1198.4984984984985
2514.5145145145148,1520.1841868095585,1300,220.18418680955847,1214.5145145145148
2530.5305305305305,1525.5984928587338,1300,225.59849285873383,1230.530530530531
2546.546546546547,1530.9751694326508,1300,230.97516943265077,1246.5465465465468
2562.5625625625626,1536.3144116228966,1300,236.3144116228966,1262.5625625625626
2578.578578578579,1541.6164128284038,1300,241.61641282840378,1278.5785785785788
2594.594594594595,1546.8813647756292,1300,246.8813647756292,1294.594594594595
2610.610610610611,1552.109457539558,1300,252.10945753955798,1310.6106106106108
2626.626626626627,1557.3008795626038,1300,257.30087956260377,1326.626626626627
2642.642642642643,1562.4558176749872,1300,262.4558176749872,1342.6426426426428
2658.658658658659,1567.5744571134942,1300,267.5744571134942,1358.658658658659
2674.674674674675,1572.6569815407458,1300,272.65698154074585,1374.6746746746749
2690.690690690691,1577.7035730636442,1300,277.70357306364417,1390.6906906906916
2706.706706706707,1582.7144122520451,1300,282.7144122520451,1406.7067067067069
2722.722722722723,1587.6896781566927,1300,287.6896781566927,1422.7227227227231
2738.738738738739,1592.6295483270394,1300,292.6295483270394,1438.738738738739
2754.754754754755,1597.5341988290381,1300,297.53419882903813,1454.7547547547551
2770.770770770771,1602.4038042622522,1300,302.40380426225215,1470.770770770771
2786.786786786787,1607.2385377769365,1300,307.2385377769365,1486.7867867867872
2802.802802802803,1612.0385710910625,1300,312.0385710910625,1502.802802802803
2818.818818818819,1616.8040745065184,1300,316.8040745065184,1518.8188188188192
2834.834834834835,1621.5352169256505,1300,321.5352169256505,1534.834834834835
2850.850850850851,1626.2321658674068,1300,326.2321658674068,1550.8508508508517
2866.866866866867,1630.895087482827,1300,330.89508748282697,1566.866866866867
2882.882882882883,1635.5241465709582,1300,335.52414657095824,1582.8828828828832
2898.898898898899,1640.1195065942318,1300,340.1195065942318,1598.898898898899
2914.9149149149152,1644.6813296933271,1300,344.68132969332714,1614.9149149149152
2930.930930930931,1649.2097767022642,1300,349.2097767022642,1630.930930930931
2946.9469469469473,1653.705007163353,1300,353.705007163353,1646.9469469469473
2962.962962962963,1658.167179341234,1300,358.16717934123403,1662.962962962963
2978.9789789789793,1662.596450237487,1300,362.59645023748703,1678.9789789789793
2994.994994994995,1666.9929756045576,1300,366.9929756045576,1694.994994994995
3011.0110110110113,1671.3569099597692,1300,371.35690995976915,1711.0110110110118
3027.027027027027,1675.6884065989368,1300,375.6884065989368,1727.027027027027
3043.0430430430433,1679.9876176098678,1300,379.9876176098678,1743.0430430430433
3059.059059059059,1684.2546938856913,1300,384.25469388569127,1759.0590590590596
3075.0750750750753,1688.4897851377332,1300,388.4897851377332,1775.0750750750753
3091.0910910910916,1692.6930399090452,1300,392.6930399090452,1791.0910910910916
3107.1071071071074,1696.86460558637,1300,396.8646055863701,1807.1071071071074
3123.1231231231236,1701.0046284133011,1300,401.00462841330113,1823.1231231231236
3139.1391391391394,1705.113253502418,1300,405.11325350241805,1839.1391391391394
3155.1551551551556,1709.1906248475368,1300,409.1906248475368,1855.1551551551556
3171.1711711711714,1713.2368853359026,1300,413.23688533590257,1871.1711711711719
3187.1871871871876,1717.2521767597857,1300,417.2521767597857,1887.1871871871876
3203.2032032032034,1721.2366398284473,1300,421.2366398284473,1903.2032032032034
3219.2192192192197,1725.1904141796786,1300,425.19041417967856,1919.2192192192201
3235.2352352352355,1729.113638391027,1300,429.11363839102705,1935.2352352352355
3251.2512512512517,1733.0064499913362,1300,433.00644999133624,1951.2512512512517
3267.2672672672675,1736.8689854714319,1300,436.86898547143187,1967.2672672672675
3283.2832832832837,1740.701380295576,1300,440.701380295576,1983.2832832832837
3299.2992992992995,1744.5037689118408,1300,444.5037689118408,1999.2992992992995
3315.3153153153157,1748.2762847628237,1300,448.2762847628237,2015.3153153153157
3331.3313313313315,1752.0190602963623,1300,452.01906029636234,2031.331331331332
3347.3473473473477,1755.7322269757663,1300,455.73222697576625,2047.3473473473477
3363.3633633633635,1759.4159152900488,1300,459.4159152900488,2063.3633633633635
3379.3793793793798,1763.0702547639032,1300,463.0702547639032,2079.37937937938
3395.3953953953956,1766.6953739679343,1300,466.6953739679343,2095.3953953953956
3411.411411411412,1770.2914005282082,1300,470.2914005282082,2111.411411411412
3427.4274274274276,1773.8584611361148,1300,473.8584611361148,2127.4274274274276
3443.443443443444,1777.3966815580025,1300,477.39668155800246,2143.443443443444
3459.4594594594596,1780.9061866442164,1300,480.9061866442164,2159.4594594594596
3475.475475475476,1784.387100338904,1300,484.387100338904,2175.475475475476
3491.4914914914916,1787.839545689053,1300,487.839545689053,2191.491491491492
3507.507507507508,1791.2636448533306,1300,491.26364485333056,2207.507507507508
3523.5235235235236,1794.6595191114625,1300,494.6595191114625,2223.5235235235236
3539.53953953954,1798.0272888726745,1300,498.0272888726745,2239.5395395395403
3555.5555555555557,1801.3670736847303,1300,501.36707368473026,2255.5555555555557
3571.571571571572,1804.6789922422874,1300,504.67899224228745,2271.571571571572
3587.587587587588,1807.9631623956516,1300,507.9631623956516,2287.587587587588
3603.603603603604,1811.2197011589615,1300,511.21970115896147,2303.603603603604
3619.61961961962,1814.4487247186305,1300,514.4487247186305,2319.61961961962
3635.635635635636,1817.650348441532,1300,517.6503484415321,2335.635635635636
3651.651651651652,1820.8246868828724,1300,520.8246868828724,2351.651651651652
3667.667667667668,1823.9718537944327,1300,523.9718537944327,2367.667667667668
3683.683683683684,1827.0919621324424,1300,527.0919621324424,2383.683683683684
3699.6996996997,1830.1851240649114,1300,530.1851240649114,2399.6996996997004
3715.715715715716,1833.251450979958,1300,533.251450979958,2415.715715715716
3731.731731731732,1836.291053492971,1300,536.2910534929711,2431.731731731732
3747.7477477477482,1839.3040414543407,1300,539.3040414543407,2447.7477477477482
3763.763763763764,1842.2905239565068,1300,542.2905239565068,2463.763763763764
3779.7797797797803,1845.2506093417753,1300,545.2506093417753,2479.7797797797803
3795.795795795796,1848.18440520894,1300,548.18440520894,2495.795795795796
3811.8118118118123,1851.0920184210136,1300,551.0920184210136,2511.8118118118123
3827.827827827828,1853.973555111736,1300,553.973555111736,2527.827827827828
3843.8438438438443,1856.829120693078,1300,556.829120693078,2543.8438438438443
3859.85985985986,1859.6588198614086,1300,559.6588198614086,2559.8598598598605
3875.8758758758763,1862.4627566048844,1300,562.4627566048844,2575.8758758758763
3891.891891891892,1865.2410342100438,1300,565.2410342100438,2591.891891891892
3907.9079079079083,1867.9937552679746,1300,567.9937552679746,2607.9079079079083
3923.923923923924,1870.7210216816466,1300,570.7210216816466,2623.923923923924
3939.9399399399404,1873.4229329372738,1300,573.4229329372738,2639.9399399399404
3955.955955955956,1876.0995929942223,1300,576.0995929942223,2655.955955955956
3971.9719719719724,1878.7511000466284,1300,578.7511000466284,2671.9719719719724
3987.987987987988,1881.37755330672,1300,581.3775533067201,2687.987987987988
4004.0040040040044,1883.9790513298453,1300,583.9790513298453,2704.0040040040044
4020.02002002002,1886.5556920202093,1300,586.5556920202093,2720.02002002002
4036.0360360360364,1889.1075726373,1300,589.1075726373001,2736.0360360360364
4052.052052052052,1891.634789801401,1300,591.634789801401,2752.052052052052
4068.0680680680684,1894.1374394999284,1300,594.1374394999284,2768.068068068069
4084.084084084084,1896.6156170927493,1300,596.6156170927493,2784.084084084084
4100.1001001001005,1899.0694173181455,1300,599.0694173181455,2800.1001001001014
4116.116116116116,1901.4989342986437,1300,601.4989342986437,2816.1161161161162
4132.132132132133,1903.9042615462731,1300,603.9042615462731,2832.132132132133
4148.148148148149,1906.2854919684187,1300,606.2854919684187,2848.1481481481487
4164.1641641641645,1908.6427178730787,1300,608.6427178730787,2864.1641641641645
4180.18018018018,1910.9760309742114,1300,610.9760309742114,2880.1801801801803
4196.196196196197,1913.2855223973593,1300,613.2855223973593,2896.196196196197
4212.212212212213,1915.5712826847662,1300,615.5712826847662,2912.2122122122128
4228.2282282282285,1917.8334018004648,1300,617.8334018004648,2928.2282282282285
4244.244244244244,1920.071969135819,1300,620.071969135819,2944.2442442442443
4260.260260260261,1922.2870735140987,1300,622.2870735140987,2960.260260260261
4276.276276276277,1924.4788031960243,1300,624.4788031960243,2976.276276276277
4292.292292292293,1926.647245884482,1300,626.6472458844819,2992.2922922922926
4308.308308308308,1928.792488729357,1300,628.792488729357,3008.3083083083084
4324.324324324325,1930.914618332764,1300,630.9146183327639,3024.324324324325
4340.340340340341,1933.0137207535927,1300,633.0137207535927,3040.340340340341
4356.356356356357,1935.0898815123119,1300,635.0898815123119,3056.3563563563566
4372.372372372372,1937.1431855956016,1300,637.1431855956016,3072.3723723723724
4388.388388388389,1939.1737174614436,1300,639.1737174614436,3088.388388388389
4404.404404404405,1941.181561042953,1300,641.181561042953,3104.404404404405
4420.420420420421,1943.1667997537543,1300,643.1667997537543,3120.4204204204216
4436.436436436436,1945.1295164919602,1300,645.1295164919602,3136.4364364364365
4452.452452452453,1947.0697936446586,1300,647.0697936446586,3152.452452452453
4468.468468468469,1948.987713092606,1300,648.9877130926061,3168.468468468469
4484.484484484485,1950.8833562143482,1300,650.8833562143482,3184.4844844844847
4500.5005005005005,1952.7568038904801,1300,652.7568038904801,3200.5005005005005
4516.516516516517,1954.6081365082273,1300,654.6081365082273,3216.516516516517
4532.532532532533,1956.4374339652204,1300,656.4374339652204,3232.532532532533
4548.548548548549,1958.2447756739894,1300,658.2447756739894,3248.5485485485488
4564.5645645645645,1960.0302405659986,1300,660.0302405659986,3264.5645645645645
4580.580580580581,1961.7939070956822,1300,661.7939070956822,3280.580580580581
4596.596596596597,1963.5358532443379,1300,663.5358532443379,3296.596596596597
4612.612612612613,1965.2561565245605,1300,665.2561565245605,3312.612612612613
4628.6286286286295,1966.9548939836832,1300,666.9548939836832,3328.6286286286304
4644.644644644645,1968.6321422079518,1300,668.6321422079518,3344.6446446446453
4660.660660660661,1970.28797732645,1300,670.2879773264499,3360.660660660661
4676.676676676677,1971.9224750145372,1300,671.9224750145372,3376.676676676677
4692.6926926926935,1973.5357104980835,1300,673.5357104980835,3392.6926926926935
4708.708708708709,1975.127758556965,1300,675.1277585569651,3408.7087087087093
4724.724724724725,1976.698693528931,1300,676.698693528931,3424.724724724725
4740.740740740741,1978.2485893128123,1300,678.2485893128123,3440.740740740742
4756.756756756758,1979.7775193727034,1300,679.7775193727034,3456.7567567567576
4772.772772772773,1981.285556741369,1300,681.285556741369,3472.7727727727734
4788.788788788789,1982.7727740235446,1300,682.7727740235446,3488.788788788789
4804.804804804805,1984.2392433997134,1300,684.2392433997134,3504.804804804805
4820.820820820822,1985.6850366294339,1300,685.6850366294339,3520.8208208208216
4836.836836836837,1987.1102250549766,1300,687.1102250549766,3536.8368368368374
4852.852852852853,1988.5148796043095,1300,688.5148796043095,3552.852852852853
4868.868868868869,1989.8990707949624,1300,689.8990707949624,3568.868868868869
4884.884884884886,1991.2628687370102,1300,691.2628687370102,3584.8848848848857
4900.900900900901,1992.60634313643,1300,692.60634313643,3600.9009009009014
4916.916916916917,1993.9295632983376,1300,693.9295632983376,3616.916916916917
4932.932932932933,1995.232598130542,1300,695.2325981305421,3632.932932932933
4948.94894894895,1996.5155161460757,1300,696.5155161460757,3648.9489489489506
4964.9649649649655,1997.7783854669442,1300,697.7783854669442,3664.9649649649655
4980.980980980981,1999.0212738272248,1300,699.0212738272248,3680.9809809809813
4996.996996996997,2000.2442485754273,1300,700.2442485754273,3696.996996996997
5013.013013013014,2001.4473766788396,1300,701.4473766788396,3713.0130130130137
5029.0290290290295,2002.6307247252644,1300,702.6307247252644,3729.0290290290295
5045.045045045045,2003.7943589266833,1300,703.7943589266833,3745.0450450450453
5061.061061061061,2004.938345122298,1300,704.938345122298,3761.061061061062
5077.077077077078,2006.0627487811757,1300,706.0627487811757,3777.077077077078
5093.093093093094,2007.1676350053167,1300,707.1676350053167,3793.0930930930936
5109.109109109109,2008.2530685323263,1300,708.2530685323263,3809.1091091091093
5125.125125125125,2009.3191137387407,1300,709.3191137387407,3825.125125125125
5141.141141141142,2010.3658346423003,1300,710.3658346423003,3841.141141141142
5157.157157157158,2011.393294905105,1300,711.393294905105,3857.1571571571576
5173.173173173173,2012.4015578361423,1300,712.4015578361423,3873.1731731731734
5189.18918918919,2013.3906863942175,1300,713.3906863942175,3889.18918918919
5205.205205205206,2014.3607431905934,1300,714.3607431905934,3905.205205205206
5221.221221221222,2015.311790491694,1300,715.311790491694,3921.2212212212216
5237.237237237237,2016.2438902216309,1300,716.2438902216309,3937.2372372372374
5253.253253253254,2017.1571039651608,1300,717.1571039651608,3953.253253253254
5269.26926926927,2018.0514929697893,1300,718.0514929697893,3969.269269269271
5285.285285285286,2018.9271181488666,1300,718.9271181488666,3985.2852852852857
5301.3013013013015,2019.7840400837208,1300,719.7840400837208,4001.3013013013015
5317.317317317318,2020.622319026586,1300,720.622319026586,4017.317317317318
5333.333333333334,2021.442014902675,1300,721.442014902675,4033.333333333334
5349.34934934935,2022.2431873130236,1300,722.2431873130236,4049.3493493493497
5365.3653653653655,2023.0258955368472,1300,723.0258955368472,4065.3653653653655
5381.381381381382,2023.7901985337885,1300,723.7901985337885,4081.381381381383
5397.397397397398,2024.536154946446,1300,724.536154946446,4097.397397397398
5413.413413413414,2025.2638231030178,1300,725.2638231030178,4113.413413413414
5429.42942942943,2025.9732610192032,1300,725.9732610192032,4129.42942942943
5445.445445445446,2026.6645264007366,1300,726.6645264007366,4145.445445445446
5461.461461461462,2027.3376766460274,1300,727.3376766460274,4161.461461461462
5477.477477477478,2027.992768847781,1300,727.992768847781,4177.477477477478
5493.493493493494,2028.6298597958703,1300,728.6298597958703,4193.493493493494
5509.50950950951,2029.2490059794372,1300,729.2490059794372,4209.50950950951
5525.525525525526,2029.8502635887698,1300,729.8502635887698,4225.525525525526
5541.541541541542,2030.4336885180305,1300,730.4336885180305,4241.541541541542
5557.557557557558,2030.9993363672447,1300,730.9993363672447,4257.557557557558
5573.573573573574,2031.54726244415,1300,731.54726244415,4273.573573573574
5589.58958958959,2032.0775217668088,1300,732.0775217668088,4289.589589589591
5605.605605605606,2032.5901690655996,1300,732.5901690655996,4305.605605605606
5621.621621621622,2033.0852587850927,1300,733.0852587850927,4321.621621621622
5637.637637637638,2033.5628450865497,1300,733.5628450865497,4337.637637637638
5653.653653653654,2034.0229818495172,1300,734.0229818495172,4353.653653653654
5669.66966966967,2034.4657226741847,1300,734.4657226741847,4369.66966966967
5685.685685685687,2034.8911208833724,1300,734.8911208833724,4385.685685685687
5701.701701701702,2035.2992295245258,1300,735.2992295245258,4401.701701701703
5717.717717717718,2035.6901013716993,1300,735.6901013716993,4417.717717717718
5733.733733733734,2036.0637889272653,1300,736.0637889272653,4433.733733733734
5749.749749749751,2036.4203444244422,1300,736.4203444244422,4449.749749749751
5765.765765765766,2036.7598198287737,1300,736.7598198287737,4465.765765765766
5781.781781781782,2037.0822668400879,1300,737.0822668400879,4481.781781781782
5797.797797797798,2037.387736894715,1300,737.3877368947151,4497.797797797798
5813.813813813815,2037.6762811669378,1300,737.6762811669378,4513.813813813815
5829.8298298298305,2037.9479505710947,1300,737.9479505710947,4529.8298298298305
5845.845845845846,2038.202795763425,1300,738.202795763425,4545.845845845846
5861.861861861862,2038.4408671438905,1300,738.4408671438905,4561.861861861862
5877.877877877879,2038.6622148578508,1300,738.6622148578508,4577.877877877879
5893.8938938938945,2038.8668887982817,1300,738.8668887982817,4593.8938938938945
5909.90990990991,2039.0549386069379,1300,739.0549386069379,4609.909909909911
5925.925925925926,2039.2264136763742,1300,739.2264136763742,4625.925925925926
5941.941941941943,2039.3813631522448,1300,739.3813631522448,4641.941941941943
5957.957957957959,2039.5198359340725,1300,739.5198359340725,4657.957957957959
5973.973973973974,2039.6418806776637,1300,739.6418806776637,4673.973973973974
5989.98998998999,2039.7475457964447,1300,739.7475457964447,4689.98998998999
6006.006006006007,2039.836879463479,1300,739.8368794634789,4706.006006006007
6022.022022022023,2039.909929612861,1300,739.9099296128611,4722.0220220220235
6038.038038038038,2039.9667439414202,1300,739.9667439414202,4738.038038038038
6054.054054054054,2040.0073699106542,1300,740.0073699106542,4754.054054054054
6070.070070070071,2040.0318547478378,1300,740.0318547478378,4770.070070070071
6086.086086086087,2040.0402454479263,1300,740.0402454479263,4786.086086086087
6102.102102102102,2040.0325887753752,1300,740.0325887753752,4802.102102102102
6118.118118118118,2040.0089312652767,1300,740.0089312652767,4818.118118118119
6134.134134134135,2039.969319225378,1300,739.9693192253781,4834.134134134135
6150.150150150151,2039.9137987371605,1300,739.9137987371605,4850.150150150151
6166.1661661661665,2039.842415657773,1300,739.842415657773,4866.1661661661665
6182.182182182183,2039.7552156215115,1300,739.7552156215115,4882.182182182183
6198.198198198199,2039.6522440409226,1300,739.6522440409226,4898.198198198199
6214.214214214215,2039.5335461090835,1300,739.5335461090835,4914.214214214215
6230.2302302302305,2039.3991668003082,1300,739.3991668003082,4930.230230230231
6246.246246246247,2039.2491508721096,1300,739.2491508721096,4946.246246246247
6262.262262262263,2039.0835428664222,1300,739.0835428664222,4962.262262262263
6278.278278278279,2038.9023871112786,1300,738.9023871112786,4978.278278278279
6294.294294294295,2038.7057277220038,1300,738.7057277220038,4994.294294294295
6310.310310310311,2038.4936086027774,1300,738.4936086027774,5010.310310310311
6326.326326326327,2038.2660734480569,1300,738.2660734480569,5026.326326326327
6342.342342342343,2038.0231657439936,1300,738.0231657439936,5042.342342342344
6358.358358358359,2037.764928769604,1300,737.764928769604,5058.358358358359
6374.374374374375,2037.4914055985582,1300,737.4914055985582,5074.374374374375
6390.390390390391,2037.202639100201,1300,737.2026391002009,5090.390390390391
6406.406406406407,2036.898671940975,1300,736.898671940975,5106.406406406407
6422.422422422423,2036.5795465858982,1300,736.5795465858982,5122.422422422423
6438.438438438439,2036.2453052997298,1300,736.2453052997298,5138.43843843844
6454.454454454455,2035.8959901485032,1300,735.8959901485032,5154.454454454455
6470.470470470471,2035.5316430005814,1300,735.5316430005814,5170.470470470471
6486.486486486487,2035.1523055279868,1300,735.1523055279868,5186.486486486487
6502.502502502503,2034.7580192079704,1300,734.7580192079704,5202.502502502503
6518.518518518519,2034.3488253240876,1300,734.3488253240876,5218.518518518519
6534.534534534535,2033.9247649673098,1300,733.9247649673098,5234.534534534535
6550.550550550551,2033.4858790375847,1300,733.4858790375847,5250.550550550552
6566.566566566567,2033.0322082449475,1300,733.0322082449475,5266.566566566567
6582.582582582583,2032.5637931106257,1300,732.5637931106257,5282.582582582583
6598.598598598599,2032.080673968494,1300,732.080673968494,5298.598598598599
6614.614614614615,2031.582890966064,1300,731.582890966064,5314.614614614615
6630.6306306306315,2031.0704840660492,1300,731.0704840660492,5330.6306306306315
6646.646646646647,2030.5434930471047,1300,730.5434930471047,5346.646646646647
6662.662662662663,2030.00195750505,1300,730.0019575050501,5362.662662662664
6678.67867867868,2029.4459168547692,1300,729.4459168547692,5378.67867867868
6694.6946946946955,2028.8754103302153,1300,728.8754103302153,5394.6946946946955
6710.710710710711,2028.290476986569,1300,728.290476986569,5410.710710710711
6726.726726726727,2027.691155700808,1300,727.6911557008079,5426.726726726727
6742.742742742744,2027.0774851731803,1300,727.0774851731803,5442.742742742744
6758.7587587587595,2026.4495039278927,1300,726.4495039278927,5458.75875875876
6774.774774774775,2025.807250314756,1300,725.807250314756,5474.774774774775
6790.790790790791,2025.1507625099803,1300,725.1507625099803,5490.790790790791
6806.806806806808,2024.4800785173138,1300,724.4800785173138,5506.806806806808
6822.822822822824,2023.7952361691496,1300,723.7952361691496,5522.822822822824
6838.838838838839,2023.0962731275213,1300,723.0962731275213,5538.838838838839
6854.854854854855,2022.3832268856368,1300,722.3832268856368,5554.854854854855
6870.870870870872,2021.6561347681363,1300,721.6561347681363,5570.870870870873
6886.886886886888,2020.9150339327944,1300,720.9150339327944,5586.886886886888
6902.902902902903,2020.1599613714052,1300,720.1599613714052,5602.902902902903
6918.918918918919,2019.3909539106871,1300,719.3909539106871,5618.918918918919
6934.934934934936,2018.6080482133657,1300,718.6080482133657,5634.934934934936
6950.950950950952,2017.8112807793414,1300,717.8112807793414,5650.950950950952
6966.966966966967,2017.0006879465918,1300,717.0006879465918,5666.966966966967
6982.982982982983,2016.1763058920887,1300,716.1763058920887,5682.982982982984
6998.998998999,2015.338170632901,1300,715.338170632901,5698.998998999
7015.015015015016,2014.486318027196,1300,714.4863180271959,5715.015015015016
7031.0310310310315,2013.6207837753373,1300,713.6207837753373,5731.0310310310315
7047.047047047047,2012.741603420437,1300,712.7416034204371,5747.047047047047
7063.063063063064,2011.8488123498537,1300,711.8488123498537,5763.063063063064
7079.07907907908,2010.9424457956493,1300,710.9424457956493,5779.079079079081
7095.0950950950955,2010.022538836125,1300,710.022538836125,5795.0950950950955
7111.111111111111,2009.0891263961057,1300,709.0891263961057,5811.111111111111
7127.127127127128,2008.142243248415,1300,708.1422432484151,5827.127127127128
7143.143143143144,2007.181924014446,1300,707.1819240144459,5843.143143143144
7159.15915915916,2006.2082031654145,1300,706.2082031654145,5859.15915915916
7175.175175175176,2005.2211150228059,1300,705.2211150228059,5875.175175175176
7191.191191191192,2004.2206937599194,1300,704.2206937599194,5891.191191191193
7207.207207207208,2003.2069734020297,1300,703.2069734020297,5907.207207207208
7223.223223223224,2002.1799878279298,1300,702.1799878279298,5923.223223223224
7239.23923923924,2001.1397707704364,1300,701.1397707704364,5939.23923923924
7255.255255255256,2000.0863558176152,1300,700.0863558176152,5955.255255255256
7271.271271271272,1999.019776413007,1300,699.0197764130071,5971.271271271272
7287.287287287288,1997.9400658572786,1300,697.9400658572786,5987.287287287288
7303.303303303304,1996.847257308389,1300,696.8472573083891,6003.303303303304
7319.31931931932,1995.7413837830136,1300,695.7413837830136,6019.31931931932
7335.335335335336,1994.622478157169,1300,694.6224781571691,6035.335335335336
7351.351351351352,1993.4905731667532,1300,693.4905731667532,6051.351351351352
7367.367367367368,1992.3457014088517,1300,692.3457014088517,6067.367367367368
7383.383383383384,1991.1878953424211,1300,691.1878953424211,6083.383383383384
7399.3993993994,1990.017187288885,1300,690.017187288885,6099.399399399401
7415.415415415416,1988.833609433129,1300,688.8336094331289,6115.415415415416
7431.431431431432,1987.637193824412,1300,687.637193824412,6131.431431431432
7447.447447447448,1986.4279723770433,1300,686.4279723770433,6147.447447447448
7463.463463463464,1985.205976871015,1300,685.2059768710151,6163.463463463464
7479.47947947948,1983.9712389531032,1300,683.9712389531032,6179.47947947948
7495.4954954954965,1982.7237901375274,1300,682.7237901375274,6195.4954954954965
7511.511511511512,1981.4636618065433,1300,681.4636618065433,6211.511511511513
7527.527527527528,1980.1908852116412,1300,680.1908852116412,6227.527527527528
7543.543543543544,1978.9054914737671,1300,678.9054914737671,6243.543543543544
7559.5595595595605,1977.607511584637,1300,677.607511584637,6259.5595595595605
7575.575575575576,1976.2969764070704,1300,676.2969764070704,6275.575575575576
7591.591591591592,1974.973916675879,1300,674.9739166758791,6291.591591591592
7607.607607607608,1973.6383629985994,1300,673.6383629985994,6307.607607607609
7623.623623623625,1972.290345856436,1300,672.290345856436,6323.623623623625
7639.63963963964,1970.929895604655,1300,670.929895604655,6339.63963963964
7655.655655655656,1969.557042473497,1300,669.557042473497,6355.655655655656
7671.671671671672,1968.1718165689117,1300,668.1718165689117,6371.671671671672
7687.687687687689,1966.7742478731616,1300,666.7742478731616,6387.687687687689
7703.703703703704,1965.3643662456088,1300,665.3643662456088,6403.703703703704
7719.71971971972,1963.9422014235488,1300,663.9422014235488,6419.719719719721
7735.735735735737,1962.5077830226019,1300,662.5077830226019,6435.735735735737
7751.751751751753,1961.0611405377085,1300,661.0611405377085,6451.751751751753
7767.767767767768,1959.602303343615,1300,659.602303343615,6467.767767767768
7783.783783783784,1958.1313006956689,1300,658.1313006956689,6483.783783783784
7799.799799799801,1956.6481617304707,1300,656.6481617304707,6499.799799799801
7815.815815815817,1955.1529154664986,1300,655.1529154664986,6515.815815815817
7831.8318318318325,1953.6455908050239,1300,653.6455908050239,6531.831831831833
7847.847847847848,1952.126216530246,1300,652.126216530246,6547.847847847848
7863.863863863865,1950.5948213106021,1300,650.5948213106021,6563.863863863865
7879.879879879881,1949.0514336988554,1300,649.0514336988554,6579.879879879881
7895.8958958958965,1947.496082133256,1300,647.4960821332561,6595.8958958958965
7911.911911911912,1945.9287949376858,1300,645.9287949376858,6611.911911911912
7927.927927927929,1944.3496003227383,1300,644.3496003227383,6627.92792792793
7943.943943943945,1942.758526386001,1300,642.758526386001,6643.943943943945
7959.9599599599605,1941.1556011129678,1300,641.1556011129678,6659.9599599599605
7975.975975975976,1939.540852377405,1300,639.5408523774049,6675.975975975976
7991.991991991993,1937.9143079422074,1300,637.9143079422074,6691.991991991993
8008.008008008009,1936.2759954600224,1300,636.2759954600224,6708.008008008009
8024.024024024025,1934.6259424735308,1300,634.6259424735308,6724.024024024025
8040.04004004004,1932.9641764165044,1300,632.9641764165044,6740.04004004004
8056.056056056057,1931.2907246141722,1300,631.2907246141722,6756.056056056057
8072.072072072073,1929.6056142837015,1300,629.6056142837015,6772.072072072073
8088.088088088089,1927.9088725350557,1300,627.9088725350557,6788.088088088089
8104.104104104104,1926.2005263715591,1300,626.2005263715591,6804.104104104104
8120.120120120121,1924.4806026901533,1300,624.4806026901533,6820.120120120122
8136.136136136137,1922.7491282823903,1300,622.7491282823903,6836.136136136138
8152.152152152153,1921.006129834922,1300,621.0061298349219,6852.152152152154
8168.168168168168,1919.2516339297754,1300,619.2516339297754,6868.168168168168
8184.184184184185,1917.485667045582,1300,617.485667045582,6884.184184184184
8200.200200200201,1915.7082555570923,1300,615.7082555570923,6900.200200200203
8216.216216216217,1913.9194257369354,1300,613.9194257369354,6916.216216216217
8232.232232232232,1912.1192037551964,1300,612.1192037551964,6932.2322322322325
8248.248248248248,1910.3076156806364,1300,610.3076156806364,6948.248248248248
8264.264264264266,1908.484687481092,1300,608.4846874810919,6964.264264264266
8280.280280280282,1906.6504450234734,1300,606.6504450234734,6980.280280280282
8296.296296296297,1904.8049140752428,1300,604.8049140752428,6996.296296296297
8312.312312312313,1902.9481203043015,1300,602.9481203043015,7012.312312312313
8328.328328328329,1901.080089279475,1300,601.080089279475,7028.328328328329
8344.344344344345,1899.2008464716437,1300,599.2008464716437,7044.344344344345
8360.36036036036,1897.3104172537205,1300,597.3104172537205,7060.360360360361
8376.376376376376,1895.4088269013027,1300,595.4088269013027,7076.376376376376
8392.392392392394,1893.4961005932673,1300,593.4961005932673,7092.392392392394
8408.40840840841,1891.572263412343,1300,591.5722634123431,7108.408408408412
8424.424424424426,1889.6373403456155,1300,589.6373403456155,7124.4244244244255
8440.440440440441,1887.6913562846485,1300,587.6913562846485,7140.440440440441
8456.456456456457,1885.7343360267578,1300,585.7343360267578,7156.456456456457
8472.472472472473,1883.76630427473,1300,583.7663042747299,7172.472472472473
8488.488488488489,1881.7872856379272,1300,581.7872856379272,7188.488488488489
8504.504504504504,1879.7973046323195,1300,579.7973046323195,7204.504504504504
8520.520520520522,1877.7963856813076,1300,577.7963856813076,7220.520520520522
8536.536536536538,1875.7845531159492,1300,575.7845531159492,7236.536536536538
8552.552552552554,1873.7618311758415,1300,573.7618311758415,7252.552552552554
8568.56856856857,1871.7282440091767,1300,571.7282440091767,7268.568568568569
8584.584584584585,1869.6838156734257,1300,569.6838156734257,7284.584584584585
8600.600600600601,1867.6285701357647,1300,567.6285701357647,7300.600600600601
8616.616616616617,1865.5625312736393,1300,565.5625312736393,7316.616616616617
8632.632632632633,1863.485722875168,1300,563.485722875168,7332.632632632634
8648.64864864865,1861.3981686395673,1300,561.3981686395673,7348.64864864865
8664.664664664666,1859.2998921776316,1300,559.2998921776316,7364.664664664666
8680.680680680682,1857.1909170125027,1300,557.1909170125027,7380.680680680682
8696.696696696697,1855.0712665795,1300,555.0712665794999,7396.6966966966975
8712.712712712713,1852.9409642270311,1300,552.9409642270311,7412.712712712713
8728.728728728729,1850.8000332170122,1300,550.8000332170122,7428.728728728729
8744.744744744745,1848.6484967252463,1300,548.6484967252463,7444.744744744745
8760.760760760762,1846.486377841842,1300,546.4863778418421,7460.760760760762
8776.776776776778,1844.3136995717568,1300,544.3136995717568,7476.776776776778
8792.792792792794,1842.130484834911,1300,542.1304848349109,7492.792792792794
8808.80880880881,1839.9367564672675,1300,539.9367564672675,7508.80880880881
8824.824824824826,1837.7325372206597,1300,537.7325372206597,7524.824824824826
8840.840840840841,1835.517849763335,1300,535.5178497633351,7540.840840840843
8856.856856856857,1833.2927166808304,1300,533.2927166808304,7556.856856856857
8872.872872872873,1831.0571604757797,1300,531.0571604757797,7572.872872872873
8888.88888888889,1828.8112035686763,1300,528.8112035686763,7588.8888888888905
8904.904904904906,1826.5548682982735,1300,526.5548682982735,7604.904904904906
8920.920920920922,1824.2881769220676,1300,524.2881769220676,7620.920920920922
8936.936936936938,1822.0111516163797,1300,522.0111516163797,7636.936936936938
8952.952952952954,1819.7238144773,1300,519.7238144773,7652.952952952954
8968.96896896897,1817.4261875203401,1300,517.4261875203401,7668.968968968969
8984.984984984985,1815.1182926819447,1300,515.1182926819447,7684.984984984985
9001.001001001001,1812.8001518186356,1300,512.8001518186356,7701.001001001001
9017.017017017019,1810.4717867082345,1300,510.4717867082345,7717.017017017019
9033.033033033034,1808.1332190504327,1300,508.1332190504327,7733.033033033034
9049.04904904905,1805.7844704661366,1300,505.78447046613655,7749.049049049052
9065.065065065066,1803.4255624990865,1300,503.4255624990865,7765.065065065066
9081.081081081082,1801.0565166154038,1300,501.0565166154038,7781.081081081082
9097.097097097098,1798.6773542043866,1300,498.6773542043866,7797.0970970970975
9113.113113113113,1796.288096578678,1300,496.28809657867805,7813.113113113113
9129.129129129129,1793.8887649749804,1300,493.8887649749804,7829.129129129129
9145.145145145147,1791.479380553994,1300,491.4793805539939,7845.145145145147
9161.161161161162,1789.05996440102,1300,489.0599644010199,7861.161161161162
9177.177177177178,1786.6305375264628,1300,486.63053752646283,7877.177177177178
9193.193193193194,1784.1911208658985,1300,484.1911208658985,7893.193193193194
9209.20920920921,1781.7417352807752,1300,481.7417352807752,7909.20920920921
9225.225225225226,1779.2824015587312,1300,479.2824015587312,7925.225225225226
9241.241241241241,1776.8131404134238,1300,476.81314041342375,7941.241241241241
9257.257257257259,1774.3339724856642,1300,474.33397248566416,7957.257257257261
9273.273273273275,1771.844918343504,1300,471.8449183435041,7973.273273273277
9289.28928928929,1769.3459984823503,1300,469.3459984823503,7989.2892892892905
9305.305305305306,1766.837233325532,1300,466.837233325532,8005.305305305306
9321.321321321322,1764.3186432245557,1300,464.3186432245557,8021.321321321322
9337.337337337338,1761.7902484598744,1300,461.7902484598744,8037.337337337338
9353.353353353354,1759.2520692405178,1300,459.2520692405178,8053.353353353354
9369.36936936937,1756.7041257049423,1300,456.70412570494227,8069.369369369369
9385.385385385387,1754.1464379213212,1300,454.1464379213212,8085.385385385387
9401.401401401403,1751.579025887736,1300,451.57902588773595,8101.401401401403
9417.417417417419,1749.0019095327225,1300,449.0019095327225,8117.417417417419
9433.433433433434,1746.4151087153823,1300,446.4151087153823,8133.433433433434
9449.44944944945,1743.8186432258935,1300,443.81864322589354,8149.44944944945
9465.465465465466,1741.2125327857948,1300,441.2125327857948,8165.465465465466
9481.481481481482,1738.5967970480751,1300,438.59679704807513,8181.481481481484
9497.497497497498,1735.9714555982464,1300,435.9714555982464,8197.497497497498
9513.513513513515,1733.336527953753,1300,433.3365279537529,8213.513513513515
9529.529529529531,1730.6920335647646,1300,430.69203356476464,8229.529529529531
9545.545545545547,1728.0379918144608,1300,428.03799181446084,8245.545545545547
9561.561561561562,1725.3744220195695,1300,425.37442201956947,8261.561561561562
9577.577577577578,1722.7013434302307,1300,422.70134343023074,8277.577577577578
9593.593593593594,1720.0187752305847,1300,420.01877523058465,8293.593593593594
9609.60960960961,1717.3267365391212,1300,417.32673653912116,8309.60960960961
9625.625625625626,1714.6252464088147,1300,414.62524640881475,8325.625625625626
9641.641641641643,1711.9143238276138,1300,411.91432382761377,8341.641641641643
9657.657657657659,1709.193987718777,1300,409.19398771877695,8357.657657657659
9673.673673673675,1706.4642569409898,1300,406.4642569409898,8373.673673673675
9689.68968968969,1703.7251502887048,1300,403.72515028870475,8389.689689689692
9705.705705705706,1700.9766864927087,1300,400.9766864927087,8405.705705705706
9721.721721721722,1698.2188842202395,1300,398.2188842202395,8421.721721721722
9737.737737737738,1695.451762074953,1300,395.45176207495297,8437.737737737738
9753.753753753756,1692.6753385979791,1300,392.67533859797913,8453.753753753756
9769.769769769771,1689.8896322674946,1300,389.88963226749456,8469.769769769771
9785.785785785787,1687.0946614995146,1300,387.0946614995146,8485.785785785787
9801.801801801803,1684.2904446480134,1300,384.29044464801336,8501.801801801803
9817.817817817819,1681.4770000048893,1300,381.4770000048893,8517.817817817819
9833.833833833834,1678.65434580105,1300,378.6543458010501,8533.833833833834
9849.84984984985,1675.822500205726,1300,375.8225002057261,8549.84984984985
9865.865865865866,1672.981481327639,1300,372.9814813276389,8565.865865865866
9881.881881881884,1670.1313072146895,1300,370.1313072146895,8581.881881881884
9897.8978978979,1667.271995854464,1300,367.27199585446397,8597.897897897901
9913.913913913915,1664.403565174609,1300,364.40356517460896,8613.913913913915
9929.929929929931,1661.5260330429755,1300,361.52603304297554,8629.929929929931
9945.945945945947,1658.639417267921,1300,358.6394172679211,8645.945945945947
9961.961961961963,1655.7437355984348,1300,355.7437355984348,8661.961961961963
9977.977977977978,1652.8390057248998,1300,352.83900572489983,8677.977977977978
9993.993993993994,1649.9252452787805,1300,349.9252452787805,8693.993993993994
10010.010010010012,1647.0024718333316,1300,347.0024718333316,8710.010010010012
10026.026026026027,1644.070702903491,1300,344.0707029034911,8726.026026026027
10042.042042042043,1641.129955946497,1300,341.1299559464969,8742.042042042043
10058.058058058059,1638.180248362005,1300,338.18024836200493,8758.058058058059
10074.074074074075,1635.2215974924038,1300,335.2215974924038,8774.074074074075
10090.09009009009,1632.2540206229805,1300,332.25402062298053,8790.09009009009
10106.106106106106,1629.2775349821804,1300,329.27753498218044,8806.106106106106
10122.122122122122,1626.2921577420293,1300,326.2921577420293,8822.122122122124
10138.13813813814,1623.297906018166,1300,323.29790601816603,8838.13813813814
10154.154154154156,1620.2947968704957,1300,320.2947968704957,8854.154154154156
10170.170170170171,1617.2828473028458,1300,317.28284730284577,8870.170170170171
10186.186186186187,1614.2620742637628,1300,314.26207426376277,8886.186186186187
10202.202202202203,1611.2324946464869,1300,311.2324946464869,8902.202202202203
10218.218218218219,1608.1941252892866,1300,308.1941252892866,8918.218218218219
10234.234234234234,1605.1469829757261,1300,305.14698297572613,8934.234234234234
10250.25025025025,1602.0910844348473,1300,302.0910844348473,8950.25025025025
10266.266266266268,1599.0264463414114,1300,299.02644634141143,8966.266266266268
10282.282282282284,1595.9530853163524,1300,295.9530853163524,8982.282282282284
10298.2982982983,1592.8710179267964,1300,292.8710179267964,8998.2982982983
10314.314314314315,1589.7802606862115,1300,289.7802606862115,9014.314314314315
10330.330330330331,1586.6808300549728,1300,286.68083005497283,9030.330330330333
10346.346346346347,1583.572742440423,1300,283.5727424404231,9046.346346346347
10362.362362362363,1580.4560141970123,1300,280.45601419701234,9062.362362362363
10378.37837837838,1577.330661626831,1300,277.330661626831,9078.37837837838
10394.394394394396,1574.196700979599,1300,274.196700979599,9094.394394394396
10410.410410410412,1571.0541484529022,1300,271.05414845290215,9110.410410410412
10426.426426426427,1567.9030201923742,1300,267.90302019237424,9126.426426426427
10442.442442442443,1564.7433322924935,1300,264.7433322924935,9142.442442442443
10458.458458458459,1561.5751007958352,1300,261.57510079583517,9158.458458458459
10474.474474474475,1558.398341694272,1300,258.39834169427195,9174.474474474475
10490.49049049049,1555.2130709283174,1300,255.2130709283174,9190.49049049049
10506.506506506508,1552.019304388381,1300,252.019304388381,9206.506506506508
10522.522522522524,1548.8170579138223,1300,248.81705791382228,9222.522522522524
10538.53853853854,1545.6063472940968,1300,245.60634729409685,9238.538538538542
10554.554554554556,1542.38718826872,1300,242.3871882687199,9254.554554554557
10570.570570570571,1539.1595965270717,1300,239.1595965270717,9270.570570570571
10586.586586586587,1535.9235877092779,1300,235.92358770927785,9286.586586586587
10602.602602602603,1532.679177405982,1300,232.67917740598205,9302.602602602603
10618.618618618619,1529.4263811587716,1300,229.42638115877162,9318.618618618619
10634.634634634636,1526.1652144601503,1300,226.1652144601503,9334.634634634636
10650.650650650652,1522.8956927542476,1300,222.89569275424765,9350.650650650652
10666.666666666668,1519.617831436335,1300,219.6178314363351,9366.666666666668
10682.682682682684,1516.3316458536265,1300,216.33164585362647,9382.682682682684
10698.6986986987,1513.0371513053542,1300,213.0371513053542,9398.6986986987
10714.714714714715,1509.7343630426403,1300,209.73436304264033,9414.714714714715
10730.730730730731,1506.423296269133,1300,206.42329626913306,9430.730730730731
10746.746746746747,1503.1039661411687,1300,203.1039661411687,9446.746746746749
10762.762762762764,1499.7763877676389,1300,199.77638776763888,9462.762762762766
10778.77877877878,1496.4405762105453,1300,196.44057621054526,9478.77877877878
10794.794794794796,1493.0965464850487,1300,193.09654648504875,9494.794794794796
10810.810810810812,1489.7443135596404,1300,189.74431355964043,9510.810810810812
10826.826826826828,1486.3838923565418,1300,186.38389235654176,9526.826826826828
10842.842842842843,1483.0152977517337,1300,183.01529775173367,9542.842842842843
10858.85885885886,1479.6385445750948,1300,179.63854457509478,9558.85885885886
10874.874874874877,1476.2536476108035,1300,176.25364761080345,9574.874874874877
10890.890890890892,1472.8606215973632,1300,172.8606215973632,9590.890890890892
10906.906906906908,1469.4594812280575,1300,169.45948122805748,9606.906906906908
10922.922922922924,1466.0502411506677,1300,166.05024115066772,9622.922922922924
10938.93893893894,1462.6329159681572,1300,162.63291596815725,9638.93893893894
10954.954954954956,1459.207520238635,1300,159.20752023863497,9654.954954954956
10970.970970970971,1455.774068475619,1300,155.77406847561906,9670.970970970973
10986.986986986987,1452.3325751480334,1300,152.33257514803336,9686.986986986987
11003.003003003005,1448.8830546808058,1300,148.8830546808058,9703.003003003005
11019.01901901902,1445.4255214544955,1300,145.42552145449554,9719.01901901902
11035.035035035036,1441.9599898061224,1300,141.9599898061224,9735.035035035036
11051.051051051052,1438.4864740287649,1300,138.48647402876486,9751.051051051052
11067.067067067068,1435.0049883721858,1300,135.00498837218584,9767.067067067068
11083.083083083084,1431.515547042778,1300,131.51554704277805,9783.083083083084
11099.0990990991,1428.0181642036496,1300,128.01816420364958,9799.0990990991
11115.115115115115,1424.5128539754714,1300,124.51285397547144,9815.115115115115
11131.131131131133,1420.9996304354881,1300,120.99963043548814,9831.131131131133
11147.147147147149,1417.4785076187673,1300,117.47850761876725,9847.147147147149
11163.163163163164,1413.9494995179411,1300,113.94949951794115,9863.163163163164
11179.17917917918,1410.4126200834635,1300,110.41262008346348,9879.179179179182
11195.195195195196,1406.867883223611,1300,106.86788322361099,9895.195195195196
11211.211211211212,1403.315302804771,1300,103.31530280477091,9911.211211211212
11227.227227227228,1399.7548926519412,1300,99.75489265194119,9927.227227227228
11243.243243243243,1396.186666548232,1300,96.1866665482321,9943.243243243243
11259.259259259261,1392.6106382357939,1300,92.61063823579389,9959.259259259261
11275.275275275277,1389.0268214152857,1300,89.02682141528567,9975.275275275277
11291.291291291293,1385.4352297465193,1300,85.43522974651933,9991.291291291293
11307.307307307308,1381.8358768486978,1300,81.83587684869781,10007.307307307308
11323.323323323324,1378.2287763000058,1300,78.22877630000585,10023.323323323324
11339.33933933934,1374.6139416384722,1300,74.61394163847217,10039.33933933934
11355.355355355356,1370.9913863615675,1300,70.99138636156749,10055.355355355356
11371.371371371373,1367.3611239267993,1300,67.36112392679934,10071.371371371373
11387.387387387389,1363.723167751572,1300,63.723167751571964,10087.38738738739
11403.403403403405,1360.0775312137612,1300,60.077531213761176,10103.403403403407
11419.41941941942,1356.4242276512177,1300,56.424227651217734,10119.41941941942
11435.435435435436,1352.763270362715,1300,52.76327036271505,10135.435435435436
11451.451451451452,1349.0946726073507,1300,49.09467260735073,10151.451451451452
11467.467467467468,1345.4184476053688,1300,45.41844760536878,10167.467467467468
11483.483483483484,1341.7346085378485,1300,41.734608537848544,10183.483483483484
11499.499499499501,1338.043168547074,1300,38.04316854707395,10199.499499499501
11515.515515515517,1334.3441407368737,1300,34.34414073687367,10215.515515515517
11531.531531531533,1330.6375381721973,1300,30.63753817219731,10231.531531531533
11547.547547547549,1326.9233738801631,1300,26.923373880163126,10247.547547547549
11563.563563563564,1323.2016608490085,1300,23.201660849008476,10263.563563563564
11579.57957957958,1319.4724120297105,1300,19.47241202971054,10279.57957957958
11595.595595595596,1315.7356403348222,1300,15.735640334822165,10295.595595595596
11611.611611611612,1311.991358639374,1300,11.991358639374084,10311.611611611614
11627.62762762763,1308.2395797808313,1300,8.239579780831264,10327.62762762763
11643.643643643645,1304.4803165592493,1300,4.4803165592493315,10343.643643643645
11659.659659659661,1300.7135817373419,1300,0.7135817373418831,10359.659659659661
11675.675675675677,1296.9393880409261,1300,3.060611959073867,10381.796899593824
11691.691691691693,1293.1577481587046,1300,6.842251841295365,10405.376195374283
11707.707707707708,1289.3686747426036,1300,10.631325257396384,10428.970358222501
11723.723723723724,1285.5721804078257,1300,14.427819592174274,10452.579362908073
11739.73973973974,1281.7682777332484,1300,18.231722266751603,10476.203184273243
11755.755755755757,1277.9569792612328,1300,22.043020738767154,10499.841797233292
11771.771771771773,1274.1382974980406,1300,25.86170250195937,10523.495176775692
11787.787787787789,1270.3122449136972,1300,29.687755086302786,10547.163297960395
11803.803803803805,1266.4788339426432,1300,33.52116605735682,10570.846135918518
11819.81981981982,1262.6380769832504,1300,37.36192301674964,10594.543665853322
11835.835835835836,1258.789986398313,1300,41.210013601687024,10618.255863039212
11851.851851851852,1254.934574515175,1300,45.06542548482503,10641.982702821502
11867.86786786787,1251.0718536260301,1300,48.92814637396987,10665.72416061581
11883.883883883886,1247.2018359874546,1300,52.798164012545385,10689.480211908976
11899.899899899901,1243.324533821351,1300,56.675466178649,10713.2508322572
11915.915915915917,1239.4399593146081,1300,60.56004068539187,10737.0359972867
11931.931931931933,1235.5481246191284,1300,64.45187538087157,10760.835682693676
11947.947947947949,1231.6490418525918,1300,68.35095814740816,10784.649864242765
11963.963963963964,1227.7427230977191,1300,72.25727690228086,10808.478517768526
11979.97997997998,1223.829180403187,1300,76.17081959681309,10832.321619173606
11995.995995995998,1219.9084257832747,1300,80.09157421672535,10856.179144429449
12012.012012012014,1215.9804712183013,1300,84.01952878169868,10880.051069575411
12028.02802802803,1212.0453286545962,1300,87.95467134540377,10903.937370718839
12044.044044044045,1208.1030100046064,1300,91.8969899953936,10927.838024034834
12060.060060060061,1204.1535271471275,1300,95.84647285287247,10951.753005765806
12076.076076076077,1200.196891927504,1300,99.80310807249589,10975.682292221069
12092.092092092093,1196.2331161576294,1300,103.76688384237059,10999.625859776834
12108.108108108108,1192.2622116158836,1300,107.73778838411636,11023.583684876341
12124.124124124126,1188.284190047767,1300,111.71580995223303,11047.555744028592
12140.140140140142,1184.2990631656685,1300,115.70093683433151,11071.542013808805
12156.156156156158,1180.3068426491445,1300,119.69315735085547,11095.542470857868
12172.172172172173,1176.3075401448477,1300,123.69245985515226,11119.557091882478
12188.188188188189,1172.3011672669654,1300,127.69883273303458,11143.585853654258
12204.204204204205,1168.2877355969194,1300,131.71226440308055,11167.628733010366
12220.22022022022,1164.2672566842411,1300,135.73274331575885,11191.685706851738
12236.236236236236,1160.2397420455472,1300,139.76025795445275,11215.756752145144
12252.252252252254,1156.2052031659114,1300,143.79479683408863,11239.841845920433
12268.26826826827,1152.1636514982001,1300,147.83634850179988,11263.94096527187
12284.284284284286,1148.1150984631931,1300,151.88490153680686,11288.0540873579
12300.300300300301,1144.0595554502415,1300,155.94044454975847,11312.181189399818
12316.316316316317,1139.9970338170242,1300,160.0029661829758,11336.322248682269
12332.332332332333,1135.9275448894841,1300,164.07245511051588,11360.477242553365
12348.348348348349,1131.8510999625742,1300,168.14890003742585,11384.6461484232
12364.364364364366,1127.7677102994803,1300,172.2322897005197,11408.828943765406
12380.380380380382,1123.6773871326313,1300,176.32261286736866,11433.02560611512
12396.396396396398,1119.5801416633349,1300,180.41985833666513,11457.236113069728
12412.412412412414,1115.4759850621194,1300,184.52401493788057,11481.460442288175
12428.42842842843,1111.3649284683906,1300,188.63507153160936,11505.698571491648
12444.444444444445,1107.2469829913134,1300,192.75301700868658,11529.950478461818
12460.460460460461,1103.1221597093572,1300,196.87784029064278,11554.216141041748
12476.476476476477,1098.9904696704107,1300,201.00953032958932,11578.495537135655
12492.492492492494,1094.8519238923218,1300,205.1480761076782,11602.78864470785
12508.50850850851,1090.7065333624923,1300,209.29346663750766,11627.095441783526
12524.524524524526,1086.554309038518,1300,213.4456909614819,11651.41590644749
12540.540540540542,1082.3952618477506,1300,217.6047381522494,11675.75001684504
12556.556556556558,1078.2294026879244,1300,221.77059731207555,11700.097751180709
12572.572572572573,1074.0567424271594,1300,225.9432575728406,11724.459087718255
12588.58858858859,1069.8772919033963,1300,230.12270809660367,11748.834004781796
12604.604604604605,1065.6910619258324,1300,234.3089380741676,11773.22248075294
12620.620620620623,1061.4980632736315,1300,238.5019367263685,11797.62449407336
12636.636636636638,1057.2983066971628,1300,242.70169330283716,11822.040023242313
12652.652652652654,1053.0918029172371,1300,246.90819708276285,11846.46904681818
12668.66866866867,1048.8785626259578,1300,251.12143737404222,11870.911543416756
12684.684684684686,1044.6585964862152,1300,255.34140351378483,11895.367491712257
12700.700700700701,1040.4319151323016,1300,259.5680848676984,11919.836870436098
12716.716716716717,1036.198529169611,1300,263.801470830389,11944.319658377495
12732.732732732733,1031.9584491749647,1300,268.0415508250353,11968.815834382804
12748.74874874875,1027.7116856966877,1300,272.2883143033123,11993.325377355375
12764.764764764766,1023.4582492546742,1300,276.54175074532577,12017.848266255418
12780.780780780782,1019.1981503406005,1300,280.8018496593995,12042.384480099581
12796.796796796798,1014.9313994179465,1300,285.0686005820535,12066.933997960905
12812.812812812814,1010.6580069220563,1300,289.3419930779437,12091.496798968701
12828.82882882883,1006.3779832603068,1300,293.6220167396932,12116.072862308216
12844.844844844845,1002.091338812419,1300,297.90866118758095,12140.662167220007
12860.860860860863,997.7980839299216,1300,302.20191607007837,12165.26469300102
12876.876876876879,993.4982289370855,1300,306.5017710629145,12189.88041900271
12892.892892892894,989.1917841303548,1300,310.8082158696452,12214.509324632187
12908.90890890891,984.8787597789233,1300,315.12124022107673,12239.151389351064
12924.924924924926,980.5591661246071,1300,319.44083387539285,12263.806592675712
12940.940940940942,976.2330133818286,1300,323.76698661817136,12288.474914177285
12956.956956956958,971.9003117380107,1300,328.0996882619893,12313.156333480936
12972.972972972973,967.5610713534297,1300,332.4389286465703,12337.850830266114
12988.988988988991,963.2153023614483,1300,336.78469763855173,12362.558384266094
13005.005005005007,958.8630148687971,1300,341.1369851312029,12387.278975267413
13021.021021021023,954.5042189550659,1300,345.4957810449341,12412.01258311089
13037.037037037038,950.1389246734398,1300,349.86107532656024,12436.759187690159
13053.053053053054,945.767142050614,1300,354.232857949386,12461.518768951826
13069.06906906907,941.388881086652,1300,358.61111891334804,12486.291306895766
13085.085085085086,937.0041517553891,1300,362.9958482446109,12511.076781574307
13101.101101101101,932.6129640044201,1300,367.38703599557994,12535.875173092263
13117.117117117119,928.2153277551679,1300,371.7846722448321,12560.686461606783
13133.133133133135,923.8112529028513,1300,376.18874709714873,12585.510627327432
13149.14914914915,919.4007493170484,1300,380.5992506829516,12610.347650515054
13165.165165165166,914.9838268411659,1300,385.01617315883414,12635.197511482835
13181.181181181182,910.5604952929971,1300,389.4395047070029,12660.060190595188
13197.197197197198,906.1307644644221,1300,393.8692355355779,12684.935668268354
13213.213213213214,901.6946441223008,1300,398.3053558776992,12709.823924968612
13229.22922922923,897.2521440072687,1300,402.7478559927313,12734.724941214692
13245.245245245247,892.8032738351703,1300,407.19672616482967,12759.638697574906
13261.261261261263,888.3480432961624,1300,411.65195670383764,12784.565174668938
13277.277277277279,883.8864620553868,1300,416.1135379446132,12809.504353166505
13293.293293293294,879.418539752749,1300,420.581460247251,12834.456213787797
13309.30930930931,874.9442860033978,1300,425.0557139966022,12859.420737302516
13325.325325325326,870.4637103971327,1300,429.5362896028673,12884.397904531063
13341.341341341342,865.976822499164,1300,434.023177500836,12909.387696343014
13357.35735735736,861.4836318497801,1300,438.51636815021993,12934.3900936578
13373.373373373375,856.9841479650222,1300,443.0158520349778,12959.40507744333
13389.389389389391,852.4783803359242,1300,447.52161966407584,12984.432628717543
13405.405405405407,847.9663384291034,1300,452.0336615708966,13009.4727285472
13421.421421421423,843.4480316868758,1300,456.55196831312423,13034.525358047671
13437.437437437438,838.923469527117,1300,461.07653047288295,13059.590498383204
13453.453453453454,834.3926613438562,1300,465.60733865614384,13084.668130765742
13469.46946946947,829.8556165063928,1300,470.14438349360717,13109.758236456684
13485.485485485488,825.3123443605255,1300,474.68765563947454,13134.860796764437
13501.501501501503,820.7628542277798,1300,479.2371457722202,13159.975793045944
13517.517517517519,816.2071554058621,1300,483.79284459413793,13185.103206705797
13533.533533533535,811.6452571686641,1300,488.3547428313359,13210.243019196208
13549.54954954955,807.0771687666256,1300,492.9228312333744,13235.3952120163
13565.565565565566,802.5028994262866,1300,497.4971005737134,13260.559766712993
13581.581581581582,797.9224583505984,1300,502.0775416494016,13285.736664880385
13597.597597597598,793.3358547193457,1300,506.66414528065434,13310.925888158907
13613.613613613616,788.7430976887808,1300,511.25690231121916,13336.127418236054
13629.629629629631,784.1441963918223,1300,515.8558036081777,13361.341236845987
13645.645645645647,779.5391599384511,1300,520.4608400615489,13386.567325768745
13661.661661661663,774.9279974151468,1300,525.0720025848532,13411.80566683137
13677.677677677679,770.310717885679,1300,529.689282114321,13437.05624190632
13693.693693693695,765.6873303905904,1300,534.3126696094096,13462.319032912514
13709.70970970971,761.0578439478104,1300,538.9421560521896,13487.59402181409
13725.725725725726,756.4222675523524,1300,543.5777324476476,13512.881190621023
13741.741741741744,751.7806101765527,1300,548.2193898234473,13538.18052138864
13757.75775775776,747.132880769981,1300,552.867119230019,13563.491996217797
13773.773773773775,742.4790882599827,1300,557.5209117400173,13588.81559725381
13789.789789789791,737.8192415511076,1300,562.1807584488924,13614.151306687576
13805.805805805807,733.1533495256499,1300,566.8466504743501,13639.499106754507
13821.821821821823,728.4814210435688,1300,571.5185789564312,13664.858979734685
13837.837837837838,723.8034649426481,1300,576.1965350573519,13690.230907952542
13853.853853853856,719.1194900384235,1300,580.8805099615765,13715.614873777009
13869.869869869872,714.429505124428,1300,585.570494875572,13741.010859621016
13885.885885885888,709.7335189722289,1300,590.2664810277711,13766.41884794143
13901.901901901903,705.0315403313052,1300,594.9684596686948,13791.838821239293
13917.91791791792,700.3235779295374,1300,599.6764220704626,13817.270762058844
13933.933933933935,695.6096404727814,1300,604.3903595272186,13842.714652988372
13949.94994994995,690.8897366454021,1300,609.1102633545979,13868.170476659148
13965.965965965966,686.1638751101673,1300,613.8361248898327,13893.638215745634
13981.981981981984,681.4320645079588,1300,618.5679354920412,13919.117852966066
13997.997997998,676.6943134585981,1300,623.3056865414019,13944.609371080804
14014.014014014016,671.9506305604464,1300,628.0493694395536,13970.112752893123
14030.030030030031,667.2010243903223,1300,632.7989756096777,13995.627981249387
14046.046046046047,662.4455035040464,1300,637.5544964959536,14021.155039037954
14062.062062062063,657.6840764360277,1300,642.3159235639723,14046.693909190008
14078.078078078079,652.9167516998205,1300,647.0832483001795,14072.244574678438
14094.094094094095,648.1435377879734,1300,651.8564622120266,14097.807018518148
14110.110110110112,643.3644431717767,1300,656.6355568282233,14123.381223766559
14126.126126126128,638.5794763019694,1300,661.4205236980306,14148.96717352219
14142.142142142144,633.7886456082906,1300,666.2113543917094,14174.564850925562
14158.15815815816,628.9919594998137,1300,671.0080405001863,14200.174239158534
14174.174174174175,624.189426365092,1300,675.810573634908,14225.795321443993
14190.190190190191,619.3810545718461,1300,680.6189454281539,14251.428081046499
14206.206206206207,614.5668524673056,1300,685.4331475326944,14277.072501271596
14222.222222222223,609.7468283784619,1300,690.2531716215381,14302.728565465299
14238.23823823824,604.9209906118158,1300,695.0790093881842,14328.396257014609
14254.254254254256,600.0893474534623,1300,699.9106525465377,14354.075559347331
14270.270270270272,595.2519071693132,1300,704.7480928306868,14379.766455931645
14286.286286286288,590.4086780052476,1300,709.5913219947524,14405.468930275792
14302.302302302303,585.5596681868756,1300,714.4403318131244,14431.182965928552
14318.31831831832,580.704885919773,1300,719.295114080227,14456.908546478773
14334.334334334335,575.8443393897887,1300,724.1556606102113,14482.645655554757
14350.350350350353,570.9780367625972,1300,729.0219632374028,14508.394276825158
14366.366366366368,566.1059861841986,1300,733.8940138158014,14534.154393997973
14382.382382382384,561.2281957806717,1300,738.7718042193283,14559.925990821042
14398.3983983984,556.3446736587139,1300,743.6553263412861,14585.709051080972
14414.414414414416,551.4554279051536,1300,748.5445720948464,14611.503558604109
14430.430430430431,546.5604665871524,1300,753.4395334128476,14637.309497256127
14446.446446446447,541.6597977528563,1300,758.3402022471437,14663.126850940735
14462.462462462463,536.7534294302914,1300,763.2465705697086,14688.95560360188
14478.47847847848,531.8413696288644,1300,768.1586303711356,14714.795739220752
14494.494494494496,526.9236263381463,1300,773.0763736618537,14740.647241818204
14510.510510510512,522.0002075287484,1300,777.9997924712516,14766.510095453015
14526.526526526528,517.0711211517864,1300,782.9288788482136,14792.384284222955
14542.542542542544,512.1363751399604,1300,787.8636248600396,14818.269792262623
14558.55855855856,507.195977406127,1300,792.804022593873,14844.166603746306
14574.574574574575,502.24993584464573,1300,797.7500641553543,14870.074702885284
14590.590590590591,497.2982583310859,1300,802.7017416689141,14895.994073928421
14606.606606606609,492.3409527216627,1300,807.6590472783373,14921.924701163283
14622.622622622624,487.3780268542014,1300,812.6219731457986,14947.866568914222
14638.63863863864,482.40948854768794,1300,817.5905114523121,14973.819661543264
14654.654654654656,477.43534560251464,1300,822.5646543974854,14999.783963449627
14670.670670670672,472.45560580057645,1300,827.5443941994236,15025.759459069519
14686.686686686688,467.47027690491814,1300,832.5297230950819,15051.746132876851
14702.702702702703,462.4793666602891,1300,837.5206333397109,15077.743969382125
14718.71871871872,457.48288279321423,1300,842.5171172067858,15103.75295313229
14734.734734734737,452.4808330114629,1300,847.5191669885371,15129.773068711811
14750.750750750753,447.47322500512564,1300,852.5267749948744,15155.804300740501
14766.766766766768,442.46006644533554,1300,857.5399335546645,15181.846633876097
14782.782782782784,437.44136498580156,1300,862.5586350141984,15207.900052811181
14798.7987987988,432.41712826144794,1300,867.5828717385521,15233.964542275906
14814.814814814816,427.3873638895511,1300,872.6126361104489,15260.040087035715
14830.830830830831,422.35207946950504,1300,877.647920530495,15286.126671891821
14846.846846846847,417.3112825824028,1300,882.6887174175972,15312.224281682042
14862.862862862865,412.2649807917187,1300,887.7350192082813,15338.332901279427
14878.87887887888,407.21318164324293,1300,892.7868183567571,15364.452515592395
14894.894894894896,402.1558926646376,1300,897.8441073353624,15390.583109565621
14910.910910910912,397.0931213662825,1300,902.9068786337175,15416.724668178347
14926.926926926928,392.02487524059325,1300,907.9751247594068,15442.877176445741
14942.942942942944,386.9511617626522,1300,913.0488382373478,15469.04061941764
14958.95895895896,381.87198838983204,1300,918.128011610168,15495.214982179295
14974.974974974977,376.7873625623961,1300,923.2126374376039,15521.400249850185
14990.990990990993,371.6972917028161,1300,928.3027082971839,15547.59640758536
15007.007007007009,366.60178321636704,1300,933.398216783633,15573.803440574276
15023.023023023025,361.50084449116184,1300,938.4991555088382,15600.021334040703
15039.03903903904,356.3944828978547,1300,943.6055171021453,15626.250073243331
15055.055055055056,351.2827057901395,1300,948.7172942098605,15652.489643474777
15071.071071071072,346.16552050451355,1300,953.8344794954864,15678.740030062045
15087.087087087088,341.04293436035914,1300,958.9570656396409,15705.00121836637
15103.103103103105,335.91495466012566,1300,964.0850453398743,15731.273193782854
15119.119119119121,330.7815886893186,1300,969.2184113106814,15757.555941740484
15135.135135135137,325.64284371659414,1300,974.3571562834059,15783.849447701949
15151.151151151153,320.4987269934918,1300,979.5012730065082,15810.153697164169
15167.167167167168,315.3492457552147,1300,984.6507542447853,15836.468675656739
15183.183183183184,310.1944072199112,1300,989.8055927800888,15862.794368743362
15199.1991991992,305.0342185891568,1300,994.9657814108432,15889.130762020886
15215.215215215216,299.86868704787594,1300,1000.1313129521241,15915.477841119466
15231.231231231233,294.6978197644803,1300,1005.3021802355197,15941.835591702275
15247.24724724725,289.52162389077785,1300,1010.4783761092222,15968.203999465693
15263.263263263265,284.34010656238206,1300,1015.6598934376179,15994.5830501385
15279.27927927928,279.15327489813535,1300,1020.8467251018646,16020.97272948301
15295.295295295296,273.9611360006511,1300,1026.038863999349,16047.373023293994
15311.311311311312,268.76369695639914,1300,1031.2363030436009,16073.783917398514
15327.327327327328,263.56096483533474,1300,1036.4390351646653,16100.205397656659
15343.343343343344,258.35294669150244,1300,1041.6470533084976,16126.637449960339
15359.359359359361,253.1396495626559,1300,1046.860350437344,16153.08006023405
15375.375375375377,247.92108047037618,1300,1052.0789195296238,16179.533214434625
15391.391391391393,242.6972464204191,1300,1057.302753579581,16205.996898550555
15407.407407407409,237.46815440227874,1300,1062.5318455977213,16232.471098602851
15423.423423423425,232.23381138981858,1300,1067.7661886101814,16258.955800643787
15439.43943943944,226.99422434081316,1300,1073.0057756591868,16285.450990757816
15455.455455455456,221.7494001970972,1300,1078.2505998029028,16311.956655061264
15471.471471471474,216.4993458850695,1300,1083.5006541149305,16338.472779701335
15487.48748748749,211.24406831518172,1300,1088.7559316848183,16364.999350857126
15503.503503503505,205.9835743820313,1300,1094.0164256179687,16391.536354739445
15519.519519519521,200.71787096489425,1300,1099.2821290351058,16418.08377758973
15535.535535535537,195.4469649274124,1300,1104.5530350725876,16444.641605680714
15551.551551551553,190.1708631174588,1300,1109.8291368825412,16471.209825316633
15567.567567567568,184.88957236758142,1300,1115.1104276324186,16497.788422832404
15583.583583583584,179.6030994950106,1300,1120.3969005049894,16524.377384593565
15599.599599599602,174.31145130129335,1300,1125.6885486987067,16550.976696997015
15615.615615615618,169.01463457298814,1300,1130.9853654270119,16577.58634646964
15631.631631631633,163.71265608097383,1300,1136.2873439190262,16604.206319469686
15647.64764764765,158.40552258123353,1300,1141.5944774187665,16630.836602485186
15663.663663663665,153.09324081451268,1300,1146.9067591854873,16657.477182034643
15679.67967967968,147.7758175060444,1300,1152.2241824939556,16684.128044667592
15695.695695695696,142.45325936639165,1300,1157.5467406336084,16710.789176962913
15711.711711711712,137.12557309096883,1300,1162.8744269090312,16737.460565529775
15727.72772772773,131.79276535993267,1300,1168.2072346400673,16764.142197007866
15743.743743743746,126.45484283885344,1300,1173.5451571611466,16790.834058066037
15759.759759759761,121.11181217812737,1300,1178.8881878218726,16817.536135403505
15775.775775775777,115.76368001337323,1300,1184.2363199866268,16844.248415749033
15791.791791791793,110.41045296553966,1300,1189.5895470344603,16870.970885860712
15807.807807807809,105.05213764037035,1300,1194.9478623596297,16897.70353252707
15823.823823823825,99.68874062948817,1300,1200.3112593705118,16924.44634256485
15839.83983983984,94.32026850930743,1300,1205.6797314906926,16951.199302821224
15855.855855855858,88.94672784199975,1300,1211.0532721580003,16977.962400171862
15871.871871871874,83.56812517485014,1300,1216.4318748251499,17004.735621522173
15887.88788788789,78.18446704075723,1300,1221.8155329592428,17031.518953806375
15903.903903903905,72.79575995815503,1300,1227.204240041845,17058.312383987595
15919.919919919921,67.40201043095294,1300,1232.597989569047,17085.115899058015
15935.935935935937,62.00322494876855,1300,1237.9967750512315,17111.9294860384
15951.951951951953,56.599409986631144,1300,1243.4005900133689,17138.75313197869
15967.96796796797,51.19057200539646,1300,1248.8094279946035,17165.58682395718
15983.983983983986,45.776717451815784,1300,1254.2232825481842,17192.430549080353
16000.0,40.35785275806302,1300,1259.642147241937,17219.284294483874
